category,url,alfano,clutton,carter,final
tiny houses,https://www.youtube.com/watch?v=QeHGDr81XwM,1,1,1,1
tiny houses,https://www.youtube.com/watch?v=yPL6jOa6AH8,1,1,1,1
tiny houses,https://www.youtube.com/watch?v=VAIs8VLFbls,1,1,1,1
tiny houses,https://www.youtube.com/watch?v=onMbSLuC7Oc,1,1,1,1
tiny houses,https://www.youtube.com/watch?v=AxM9FYSs8V4,1,1,1,1
tiny houses,https://www.youtube.com/watch?v=84mKsMtb_bQ,1,1,1,1
tiny houses,https://www.youtube.com/watch?v=xDnT28Ie1BY,1,1,1,1
tiny houses,https://www.youtube.com/watch?v=sFudJ2yIBJE,1,1,1,1
tiny houses,https://www.youtube.com/watch?v=5rYPRMm8Arw,1,1,2,1
tiny houses,https://www.youtube.com/watch?v=NiARHO2d3Rs,1,1,1,1
tiny houses,https://www.youtube.com/watch?v=XkjBYgLtqaQ,1,1,1,1
tiny houses,https://www.youtube.com/watch?v=A5pIy4F6-WE,x,x,x,x
tiny houses,https://www.youtube.com/watch?v=ionts0scA6I,1,1,1,1
tiny houses,https://www.youtube.com/watch?v=h9hOn5_AzyA,1,1,1,1
tiny houses,https://www.youtube.com/watch?v=ZSHBmS_GG7o,1,1,1,1
tiny houses,https://www.youtube.com/watch?v=fS_e7XFuyt0,1,1,1,1
tiny houses,https://www.youtube.com/watch?v=mxDSulcLpAE,1,1,1,1
tiny houses,https://www.youtube.com/watch?v=OEGw0ZXy2Hk,1,1,1,1
tiny houses,https://www.youtube.com/watch?v=JPCt-yCTvMA,1,1,1,1
tiny houses,https://www.youtube.com/watch?v=BlQ3yuUmBiw,1,1,1,1
tiny houses,https://www.youtube.com/watch?v=UP4GqXQsZbU,1,1,1,1
tiny houses,https://www.youtube.com/watch?v=9pgx_VPmJx8,1,1,1,1
tiny houses,https://www.youtube.com/watch?v=P-e6oOyrQ04,1,1,1,1
tiny houses,https://www.youtube.com/watch?v=QovaMj9bkc0,1,1,1,1
tiny houses,https://www.youtube.com/watch?v=AqjRcQabs_c,1,1,1,1
tiny houses,https://www.youtube.com/watch?v=1RVgLlrI4U4,1,1,1,1
tiny houses,https://www.youtube.com/watch?v=j6zQgrzqOLc,1,1,1,1
tiny houses,https://www.youtube.com/watch?v=HBDPRYjGZi4,1,1,2,1
tiny houses,https://www.youtube.com/watch?v=pQbRmMxQ0tY,1,1,1,1
tiny houses,https://www.youtube.com/watch?v=KRWOR8ryTYY,1,1,1,1
tiny houses,https://www.youtube.com/watch?v=n7G7p1MPWlM,1,1,1,1
tiny houses,https://www.youtube.com/watch?v=8B6xR3T37gI,1,2,1,1
tiny houses,https://www.youtube.com/watch?v=cSDsP9JMs-g,1,1,1,1
tiny houses,https://www.youtube.com/watch?v=dFneF74OemY,1,1,1,1
tiny houses,https://www.youtube.com/watch?v=vdPxRl8bK_0,1,1,1,1
tiny houses,https://www.youtube.com/watch?v=L2xSDsfjvaE,1,1,1,1
tiny houses,https://www.youtube.com/watch?v=MLSu0Myxvr0,1,1,2,1
tiny houses,https://www.youtube.com/watch?v=_RPFT3LwqSw,1,1,1,1
tiny houses,https://www.youtube.com/watch?v=jdWc3XcJ_2A,1,1,1,1
tiny houses,https://www.youtube.com/watch?v=GG3mbFGpCas,1,1,1,1
tiny houses,https://www.youtube.com/watch?v=owddK_gIyPA,1,1,1,1
tiny houses,https://www.youtube.com/watch?v=T5YlSB-zgvE,1,1,1,1
tiny houses,https://www.youtube.com/watch?v=Bntj6OCe2_g,3,2,2,2
tiny houses,https://www.youtube.com/watch?v=uWBz9kl-hTA,1,1,1,1
tiny houses,https://www.youtube.com/watch?v=0RWJEOScToE,1,1,1,1
tiny houses,https://www.youtube.com/watch?v=-UOdlgd2JsU,1,1,1,1
tiny houses,https://www.youtube.com/watch?v=eLsuwNfRU_8,1,1,2,1
tiny houses,https://www.youtube.com/watch?v=uxPdPpi5W4o,1,1,1,1
tiny houses,https://www.youtube.com/watch?v=sauEsj8YW9M,1,1,1,1
tiny houses,https://www.youtube.com/watch?v=nMF9CF4SJyo,1,1,1,1
tiny houses,https://www.youtube.com/watch?v=1gG4TFhrimI,1,1,1,1
tiny houses,https://www.youtube.com/watch?v=Ua0Z45_XZ9E,2,2,2,2
tiny houses,https://www.youtube.com/watch?v=Doyqp5Ue6XY,1,1,1,1
tiny houses,https://www.youtube.com/watch?v=NI71-qySsrE,1,1,1,1
tiny houses,https://www.youtube.com/watch?v=iTNJLEV8CG8,1,2,1,1
tiny houses,https://www.youtube.com/watch?v=hUhisi2FBuw,1,1,1,1
tiny houses,https://www.youtube.com/watch?v=ZYq82SMm63k,1,1,1,1
tiny houses,https://www.youtube.com/watch?v=Oh6xGGjW5R8,1,1,1,1
tiny houses,https://www.youtube.com/watch?v=OSuG98S8yCE,1,1,1,1
tiny houses,https://www.youtube.com/watch?v=lnewtgCovFs,1,1,1,1
tiny houses,https://www.youtube.com/watch?v=T7mYB6x68DY,1,1,1,1
tiny houses,https://www.youtube.com/watch?v=qhd91cv-b90,1,1,1,1
tiny houses,https://www.youtube.com/watch?v=UyTrkAqnkFI,1,1,1,1
tiny houses,https://www.youtube.com/watch?v=n-K8l43sZgA,1,1,1,1
tiny houses,https://www.youtube.com/watch?v=4ynwWift_ts,1,1,1,1
tiny houses,https://www.youtube.com/watch?v=-9JF7Zifc-M,1,1,1,1
tiny houses,https://www.youtube.com/watch?v=QA5fh29rhLs,1,1,1,1
tiny houses,https://www.youtube.com/watch?v=V6ibjw_vWJ4,1,1,1,1
tiny houses,https://www.youtube.com/watch?v=w1cPq3obfrw,1,1,1,1
tiny houses,https://www.youtube.com/watch?v=aVWJMcOptR8,1,1,1,1
tiny houses,https://www.youtube.com/watch?v=rzXQqlbO1Rg,1,1,1,1
tiny houses,https://www.youtube.com/watch?v=wO9gF4S1_I4,1,1,1,1
tiny houses,https://www.youtube.com/watch?v=3-sc4rlV93g,1,1,1,1
tiny houses,https://www.youtube.com/watch?v=Qs2s7kxZvgQ,1,1,1,1
tiny houses,https://www.youtube.com/watch?v=LvGXer4NsEw,1,1,1,1
tiny houses,https://www.youtube.com/watch?v=HjJGjlpMfv0,1,1,1,1
tiny houses,https://www.youtube.com/watch?v=iAgVxSXgAGw,1,1,1,1
tiny houses,https://www.youtube.com/watch?v=7sLQ-2rCdmw,1,1,1,1
tiny houses,https://www.youtube.com/watch?v=fhCv3J7hmFc,1,1,1,1
tiny houses,https://www.youtube.com/watch?v=zwqPiZ4Wgys,1,1,1,1
tiny houses,https://www.youtube.com/watch?v=HNTfLGt59qo,1,1,1,1
tiny houses,https://www.youtube.com/watch?v=7OfTrpg3ZZs,1,1,1,1
tiny houses,https://www.youtube.com/watch?v=5voBFW1fQPs,1,1,1,1
tiny houses,https://www.youtube.com/watch?v=LUqr8MMKjxg,1,1,1,1
tiny houses,https://www.youtube.com/watch?v=49FFwqAVxlg,1,2,1,1
tiny houses,https://www.youtube.com/watch?v=xYemnKEKx0c,1,1,2,1
tiny houses,https://www.youtube.com/watch?v=AFKG5r3qNIM,1,1,1,1
tiny houses,https://www.youtube.com/watch?v=oMm0-6UAVpE,2,1,2,2
tiny houses,https://www.youtube.com/watch?v=O6bFWVB2BRY,1,2,1,1
tiny houses,https://www.youtube.com/watch?v=xa9HZQV0W-Q,1,1,1,1
tiny houses,https://www.youtube.com/watch?v=zt6gCyHrF04,1,1,1,1
tiny houses,https://www.youtube.com/watch?v=PT6cjp_zThw,1,1,1,1
tiny houses,https://www.youtube.com/watch?v=P20_QhC3VgU,1,1,1,1
tiny houses,https://www.youtube.com/watch?v=u_MWbZsDHC8,1,1,1,1
tiny houses,https://www.youtube.com/watch?v=eawqY8ibqik,1,1,1,1
tiny houses,https://www.youtube.com/watch?v=voztwgixwtg,1,1,1,1
tiny houses,https://www.youtube.com/watch?v=IqtOoyRVQ1A,1,1,1,1
tiny houses,https://www.youtube.com/watch?v=5JVcE8gho4k,1,1,1,1
tiny houses,https://www.youtube.com/watch?v=zC6TkbmnU08,1,1,1,1
tiny houses,https://www.youtube.com/watch?v=eA327Mtrex8,1,1,1,1
fitness,https://www.youtube.com/watch?v=9PQW8QVxS-U,1,1,2,1
fitness,https://www.youtube.com/watch?v=s4dbHLOnTmU,1,1,1,1
fitness,https://www.youtube.com/watch?v=W5tlGJwvmCQ,1,1,1,1
fitness,https://www.youtube.com/watch?v=vuIlsN32WaE,2,1,1,1
fitness,https://www.youtube.com/watch?v=jFk-L7Wcg0g,1,1,1,1
fitness,https://www.youtube.com/watch?v=H6n3iNh4XLI,1,1,1,1
fitness,https://www.youtube.com/watch?v=PMiiOZBRwyM,1,1,2,1
fitness,https://www.youtube.com/watch?v=1RA2Zy_IZfQ,1,1,2,1
fitness,https://www.youtube.com/watch?v=xYemnKEKx0c,1,1,2,1
fitness,https://www.youtube.com/watch?v=cuIlP5uII6A,1,1,1,1
fitness,https://www.youtube.com/watch?v=FuWL9RF7rl0,1,1,1,1
fitness,https://www.youtube.com/watch?v=okM3OYaBQGg,1,1,1,1
fitness,https://www.youtube.com/watch?v=330Ufcaj1zA,1,1,1,1
fitness,https://www.youtube.com/watch?v=93b3D1rNlZs,1,1,1,1
fitness,https://www.youtube.com/watch?v=_ruRiTeX1jE,2,1,1,1
fitness,https://www.youtube.com/watch?v=A6Dkt7zyImk,1,1,1,1
fitness,https://www.youtube.com/watch?v=67Gl3s3K-iY,1,1,1,1
fitness,https://www.youtube.com/watch?v=9iE-fpyiK2g,1,1,1,1
fitness,https://www.youtube.com/watch?v=rNChOX9HJlw,1,1,1,1
fitness,https://www.youtube.com/watch?v=N6zqatiur3A,1,1,2,1
fitness,https://www.youtube.com/watch?v=l4a7MBfz-sw,1,1,1,1
fitness,https://www.youtube.com/watch?v=PKfR6bAXr-c,2,1,3,2
fitness,https://www.youtube.com/watch?v=C4Uc-cztsJo,1,1,1,1
fitness,https://www.youtube.com/watch?v=bQLPIPaRbdQ,1,1,1,1
fitness,https://www.youtube.com/watch?v=xBtqc8tpugU,1,1,1,1
fitness,https://www.youtube.com/watch?v=2uS58SvVR80,1,1,3,1
fitness,https://www.youtube.com/watch?v=gG3h749G6eY,1,1,1,1
fitness,https://www.youtube.com/watch?v=Unnvj58sP3I,1,1,1,1
fitness,https://www.youtube.com/watch?v=tIuj-oMN-Fk,1,2,2,2
fitness,https://www.youtube.com/watch?v=OC_6WqXA1ps,1,1,2,1
fitness,https://www.youtube.com/watch?v=nTWnU-AcoOE,1,1,1,1
fitness,https://www.youtube.com/watch?v=dtTIM7XEuwI,1,1,1,1
fitness,https://www.youtube.com/watch?v=P_6vDLq64gE,1,1,1,1
fitness,https://www.youtube.com/watch?v=jzdOvOukfQg,1,1,1,1
fitness,https://www.youtube.com/watch?v=k6hTa5ti35E,1,1,1,1
fitness,https://www.youtube.com/watch?v=1EcbsQVWY_4,1,1,1,1
fitness,https://www.youtube.com/watch?v=R7qSiEKntQA,1,1,1,1
fitness,https://www.youtube.com/watch?v=IW9hz1kZP2I,1,1,1,1
fitness,https://www.youtube.com/watch?v=G2A-185WViw,1,1,1,1
fitness,https://www.youtube.com/watch?v=ji_ukN8rtg4,1,1,1,1
fitness,https://www.youtube.com/watch?v=g72SmMdFBpk,1,1,1,1
fitness,https://www.youtube.com/watch?v=ad-Kp4Lu6UI,x,x,x,x
fitness,https://www.youtube.com/watch?v=rmVz9dsMWNU,1,1,1,1
fitness,https://www.youtube.com/watch?v=tArLTdjn8lQ,1,1,1,1
fitness,https://www.youtube.com/watch?v=wJB90G-tsgo,1,1,1,1
fitness,https://www.youtube.com/watch?v=UygnXqoKrC4,2,1,1,1
fitness,https://www.youtube.com/watch?v=ErRsMTmdQb4,1,1,1,1
fitness,https://www.youtube.com/watch?v=4BZuWrdC-9Q,1,1,1,1
fitness,https://www.youtube.com/watch?v=DQSiygnDm-U,1,1,1,1
fitness,https://www.youtube.com/watch?v=82ovWoZ1gGI,1,1,1,1
fitness,https://www.youtube.com/watch?v=_lnaOyvFw9w,1,1,1,1
fitness,https://www.youtube.com/watch?v=MRuRj1XNW0g,1,1,1,1
fitness,https://www.youtube.com/watch?v=awtmTJW9ic8,1,1,1,1
fitness,https://www.youtube.com/watch?v=gn4bvjMh4vc,1,1,2,1
fitness,https://www.youtube.com/watch?v=hs3OSjZg3Jo,1,2,1,1
fitness,https://www.youtube.com/watch?v=aI6bPspVOmU,x,x,x,x
fitness,https://www.youtube.com/watch?v=LIYNuCw98r0,1,1,1,1
fitness,https://www.youtube.com/watch?v=kcR3FMS9kNU,1,1,1,1
fitness,https://www.youtube.com/watch?v=IRVdiHu1VCc,1,1,1,1
fitness,https://www.youtube.com/watch?v=Bntj6OCe2_g,2,2,1,2
fitness,https://www.youtube.com/watch?v=H2rG4Dg6xyI,1,1,1,1
fitness,https://www.youtube.com/watch?v=Xg37L5z5r_M,1,1,1,1
fitness,https://www.youtube.com/watch?v=lAuZw-ZFSjc,1,1,1,1
fitness,https://www.youtube.com/watch?v=lwvTXmBJSnw,1,2,1,1
fitness,https://www.youtube.com/watch?v=Zch2QXfBqV4,x,x,x,x
fitness,https://www.youtube.com/watch?v=mC7nN8OShvY,1,1,1,1
fitness,https://www.youtube.com/watch?v=eo34-cw3DRE,1,2,1,1
fitness,https://www.youtube.com/watch?v=MizPu-dTPQU,1,1,2,1
fitness,https://www.youtube.com/watch?v=N-yALPEpV4w,1,2,1,1
fitness,https://www.youtube.com/watch?v=AYGaDXaPvFM,1,1,1,1
fitness,https://www.youtube.com/watch?v=XnEFeOCf_7s,1,1,1,1
fitness,https://www.youtube.com/watch?v=YD2EZxI54p8,1,2,2,2
fitness,https://www.youtube.com/watch?v=H02YcexnEqc,1,1,1,1
fitness,https://www.youtube.com/watch?v=v_ONFix_e4k,1,1,1,1
fitness,https://www.youtube.com/watch?v=0ZL_q7oUVrQ,1,1,1,1
fitness,https://www.youtube.com/watch?v=zTNNKUBDNsU,1,1,1,1
fitness,https://www.youtube.com/watch?v=k4jLxVILsFE,1,1,1,1
fitness,https://www.youtube.com/watch?v=BCuwDhmiOFQ,1,1,2,1
fitness,https://www.youtube.com/watch?v=IaBg1XzDnSU,1,1,1,1
fitness,https://www.youtube.com/watch?v=-WKmM4kkL0g,1,2,2,2
fitness,https://www.youtube.com/watch?v=j1p2PbfNk0c,3,3,1,3
fitness,https://www.youtube.com/watch?v=QJnfGBP0qRA,1,1,1,1
fitness,https://www.youtube.com/watch?v=d0yGdNEWdn0,1,1,1,1
fitness,https://www.youtube.com/watch?v=S7NKxadiZxo,1,1,1,1
fitness,https://www.youtube.com/watch?v=sFlQC8_uPMg,1,1,1,1
fitness,https://www.youtube.com/watch?v=akcc6DphLIg,1,1,1,1
fitness,https://www.youtube.com/watch?v=_VB39Jo8mAQ,1,1,1,1
fitness,https://www.youtube.com/watch?v=pni_kDv9BsU,1,1,1,1
fitness,https://www.youtube.com/watch?v=0F9Qd2pmIMs,1,1,1,1
fitness,https://www.youtube.com/watch?v=h-rRgpPbR5w,1,1,1,1
fitness,https://www.youtube.com/watch?v=lAC8IEJDxCg,1,1,1,1
fitness,https://www.youtube.com/watch?v=rStsx8SGsPc,1,1,1,1
fitness,https://www.youtube.com/watch?v=Lp7E973zozc,1,1,1,1
fitness,https://www.youtube.com/watch?v=pxBQLFLei70,1,1,1,1
fitness,https://www.youtube.com/watch?v=_tMzPIdEJFg,1,1,1,1
fitness,https://www.youtube.com/watch?v=Y75Y85FSljs,1,1,1,1
fitness,https://www.youtube.com/watch?v=nS9W-wlJHPA,2,2,3,2
fitness,https://www.youtube.com/watch?v=F1S-30foslI,1,1,1,1
fitness,https://www.youtube.com/watch?v=njM2swbICYg,1,1,1,1
fitness,https://www.youtube.com/watch?v=AH4mGMG8OgQ,1,1,1,1
firearms,https://www.youtube.com/watch?v=_0ah0X92wdY,1,1,1,1
firearms,https://www.youtube.com/watch?v=_-Wdwjlu9mY,1,1,1,1
firearms,https://www.youtube.com/watch?v=VCS4fXFmCyA,1,1,1,1
firearms,https://www.youtube.com/watch?v=67Gl3s3K-iY,1,1,1,1
firearms,https://www.youtube.com/watch?v=QeHGDr81XwM,1,1,1,1
firearms,https://www.youtube.com/watch?v=MyvZFxYZWPM,2,1,2,2
firearms,https://www.youtube.com/watch?v=f41mCg9O0wU,1,1,1,1
firearms,https://www.youtube.com/watch?v=nTWnU-AcoOE,1,1,1,1
firearms,https://www.youtube.com/watch?v=Bd8_vO5zrjo,1,1,1,1
firearms,https://www.youtube.com/watch?v=qFwntHIWjaw,1,1,1,1
firearms,https://www.youtube.com/watch?v=UP4GqXQsZbU,1,1,1,1
firearms,https://www.youtube.com/watch?v=Unnvj58sP3I,1,1,1,1
firearms,https://www.youtube.com/watch?v=qn4SJJ0kNzE,1,1,1,1
firearms,https://www.youtube.com/watch?v=nYzheuJE47E,3,2,1,3
firearms,https://www.youtube.com/watch?v=WdhQ5mM_Giw,1,1,1,1
firearms,https://www.youtube.com/watch?v=DBxdTkddHaE,1,1,1,1
firearms,https://www.youtube.com/watch?v=9S6z250fE34,1,1,1,1
firearms,https://www.youtube.com/watch?v=lhULvm3TNl8,1,2,1,1
firearms,https://www.youtube.com/watch?v=VAIs8VLFbls,1,1,1,1
firearms,https://www.youtube.com/watch?v=PRgoisHRmUE,3,2,2,2
firearms,https://www.youtube.com/watch?v=_hgV9k_iLw0,1,1,1,1
firearms,https://www.youtube.com/watch?v=ad-Kp4Lu6UI,x,x,x,x
firearms,https://www.youtube.com/watch?v=tSRVw_fGrQQ,1,1,1,1
firearms,https://www.youtube.com/watch?v=ZSHBmS_GG7o,1,1,1,1
firearms,https://www.youtube.com/watch?v=Hk4CChT_thc,1,1,3,1
firearms,https://www.youtube.com/watch?v=sFlQC8_uPMg,1,1,1,1
firearms,https://www.youtube.com/watch?v=D0MJul9CiU0,x,x,x,x
firearms,https://www.youtube.com/watch?v=nWGYYA6vUbY,1,1,2,1
firearms,https://www.youtube.com/watch?v=0dOVZ5TRCUw,1,1,1,1
firearms,https://www.youtube.com/watch?v=sFudJ2yIBJE,1,1,1,1
firearms,https://www.youtube.com/watch?v=I--m8IuSkS0,1,1,1,1
firearms,https://www.youtube.com/watch?v=NiARHO2d3Rs,1,1,1,1
firearms,https://www.youtube.com/watch?v=onMbSLuC7Oc,1,1,1,1
firearms,https://www.youtube.com/watch?v=HjJGjlpMfv0,1,1,1,1
firearms,https://www.youtube.com/watch?v=02bIxJc8CHY,3,2,3,3
firearms,https://www.youtube.com/watch?v=OEGw0ZXy2Hk,1,1,1,1
firearms,https://www.youtube.com/watch?v=paJ8WdoDWF8,1,1,1,1
firearms,https://www.youtube.com/watch?v=AxM9FYSs8V4,1,1,1,1
firearms,https://www.youtube.com/watch?v=2uaJ1D2tXOA,1,1,1,1
firearms,https://www.youtube.com/watch?v=5D-nAZv2Ars,x,x,x,x
firearms,https://www.youtube.com/watch?v=9pgx_VPmJx8,1,1,1,1
firearms,https://www.youtube.com/watch?v=xYemnKEKx0c,1,1,2,1
firearms,https://www.youtube.com/watch?v=XPbCw9pV90c,1,1,1,1
firearms,https://www.youtube.com/watch?v=ldSta87yzMU,1,1,2,1
firearms,https://www.youtube.com/watch?v=5EJQQPKHtJw,1,1,1,1
firearms,https://www.youtube.com/watch?v=j6zQgrzqOLc,1,1,1,1
firearms,https://www.youtube.com/watch?v=rIlwHT4IdRc,1,1,1,1
firearms,https://www.youtube.com/watch?v=e7RlN6j9s7Q,3,2,3,3
firearms,https://www.youtube.com/watch?v=mpiPWHzOn2U,1,1,1,1
firearms,https://www.youtube.com/watch?v=Bntj6OCe2_g,3,1,1,1
firearms,https://www.youtube.com/watch?v=Oh6xGGjW5R8,1,1,1,1
firearms,https://www.youtube.com/watch?v=tk_ZlWJ3qJI,1,1,1,1
firearms,https://www.youtube.com/watch?v=PiF_iqvtRF4,1,1,2,1
firearms,https://www.youtube.com/watch?v=tasAi13pehA,1,1,1,1
firearms,https://www.youtube.com/watch?v=Uinir94KuFA,1,1,1,1
firearms,https://www.youtube.com/watch?v=eoEi2qJ-UXM,1,1,2,1
firearms,https://www.youtube.com/watch?v=50YnbXIVNCE,1,1,1,1
firearms,https://www.youtube.com/watch?v=O_gI3WX6Uww,1,1,1,1
firearms,https://www.youtube.com/watch?v=thVhVjn59mg,1,1,1,1
firearms,https://www.youtube.com/watch?v=cvwPLFsM46o,1,1,1,1
firearms,https://www.youtube.com/watch?v=Ns6l7sCoWX4,1,1,1,1
firearms,https://www.youtube.com/watch?v=v7JATeB8Ug0,1,2,1,1
firearms,https://www.youtube.com/watch?v=XkjBYgLtqaQ,1,1,1,1
firearms,https://www.youtube.com/watch?v=351MeHVANao,1,1,1,1
firearms,https://www.youtube.com/watch?v=Doyqp5Ue6XY,1,1,1,1
firearms,https://www.youtube.com/watch?v=-avpx8UTakI,1,2,1,1
firearms,https://www.youtube.com/watch?v=49FFwqAVxlg,1,2,1,1
firearms,https://www.youtube.com/watch?v=kA9PAgPg838,x,x,x,x
firearms,https://www.youtube.com/watch?v=rM5UCCOwtyc,1,3,2,2
firearms,https://www.youtube.com/watch?v=XCdQnB8Qx9k,1,1,2,1
firearms,https://www.youtube.com/watch?v=1oRbrvqrnc0,2,1,2,2
firearms,https://www.youtube.com/watch?v=V_q7y3pFGbI,1,1,1,1
firearms,https://www.youtube.com/watch?v=E-T1c9-i8uE,1,1,1,1
firearms,https://www.youtube.com/watch?v=oSVA3BBUgQ0,1,1,1,1
firearms,https://www.youtube.com/watch?v=LjAsM1vAhW0,1,1,2,1
firearms,https://www.youtube.com/watch?v=PT6cjp_zThw,1,1,1,1
firearms,https://www.youtube.com/watch?v=UyTrkAqnkFI,1,1,1,1
firearms,https://www.youtube.com/watch?v=zdIFraV6Tqk,1,1,1,1
firearms,https://www.youtube.com/watch?v=nycYxb-zNwc,x,x,x,x
firearms,https://www.youtube.com/watch?v=PIUowqD0uY8,1,1,1,1
firearms,https://www.youtube.com/watch?v=Xg37L5z5r_M,1,1,1,1
firearms,https://www.youtube.com/watch?v=gxwWf-MfZVk,1,1,1,1
firearms,https://www.youtube.com/watch?v=JiJibEepQG0,1,1,2,1
firearms,https://www.youtube.com/watch?v=XV5Wm42puGE,1,1,1,1
firearms,https://www.youtube.com/watch?v=O1iDjiLrp6g,1,1,1,1
firearms,https://www.youtube.com/watch?v=c80mMzDknTI,1,1,1,1
firearms,https://www.youtube.com/watch?v=iBkjdutVmFA,2,2,2,2
firearms,https://www.youtube.com/watch?v=l4a7MBfz-sw,1,1,1,1
firearms,https://www.youtube.com/watch?v=CdKBOi0TCqY,1,1,1,1
firearms,https://www.youtube.com/watch?v=81JdcOIpOFM,1,1,1,1
firearms,https://www.youtube.com/watch?v=Ex1dbF73N8E,x,x,x,x
firearms,https://www.youtube.com/watch?v=jX2QbrRFZ-A,3,3,3,3
firearms,https://www.youtube.com/watch?v=RGleMzGHEW0,1,1,2,1
firearms,https://www.youtube.com/watch?v=1nCPpMpeDc4,1,1,1,1
firearms,https://www.youtube.com/watch?v=mCjbgpSq38Y,1,1,1,1
firearms,https://www.youtube.com/watch?v=ltK-bDbADa8,1,1,1,1
firearms,https://www.youtube.com/watch?v=37Kn-kIsVu8,1,1,1,1
firearms,https://www.youtube.com/watch?v=L1JK_LLM_xw,1,3,1,1
firearms,https://www.youtube.com/watch?v=vmnLA2DuYJs,1,1,1,1
firearms,https://www.youtube.com/watch?v=5rYPRMm8Arw,1,1,1,1
natural foods,https://www.youtube.com/watch?v=xYemnKEKx0c,1,1,2,1
natural foods,https://www.youtube.com/watch?v=vuIlsN32WaE,1,1,1,1
natural foods,https://www.youtube.com/watch?v=d0yGdNEWdn0,1,1,1,1
natural foods,https://www.youtube.com/watch?v=gn4bvjMh4vc,1,1,2,1
natural foods,https://www.youtube.com/watch?v=H6n3iNh4XLI,1,1,1,1
natural foods,https://www.youtube.com/watch?v=c4z6RZXv5p8,1,1,1,1
natural foods,https://www.youtube.com/watch?v=1RA2Zy_IZfQ,1,1,2,1
natural foods,https://www.youtube.com/watch?v=Lp7E973zozc,1,1,1,1
natural foods,https://www.youtube.com/watch?v=EzZGPCyrpSU,1,1,1,1
natural foods,https://www.youtube.com/watch?v=Bntj6OCe2_g,2,1,1,1
natural foods,https://www.youtube.com/watch?v=_ruRiTeX1jE,2,1,1,1
natural foods,https://www.youtube.com/watch?v=ARWBdfWpDyc,1,1,1,1
natural foods,https://www.youtube.com/watch?v=C4Uc-cztsJo,1,1,2,1
natural foods,https://www.youtube.com/watch?v=T5YlSB-zgvE,1,1,1,1
natural foods,https://www.youtube.com/watch?v=P_6vDLq64gE,1,1,1,1
natural foods,https://www.youtube.com/watch?v=kF4ju6j6aLE,1,1,1,1
natural foods,https://www.youtube.com/watch?v=pni_kDv9BsU,1,1,1,1
natural foods,https://www.youtube.com/watch?v=_QdPW8JrYzQ,1,1,2,1
natural foods,https://www.youtube.com/watch?v=rPh3c8Sa37M,1,1,2,1
natural foods,https://www.youtube.com/watch?v=TQMbvJNRpLE,1,1,1,1
natural foods,https://www.youtube.com/watch?v=QeHGDr81XwM,1,1,1,1
natural foods,https://www.youtube.com/watch?v=uxPdPpi5W4o,1,1,1,1
natural foods,https://www.youtube.com/watch?v=hUhisi2FBuw,1,1,1,1
natural foods,https://www.youtube.com/watch?v=zORUUqJd81M,1,1,2,1
natural foods,https://www.youtube.com/watch?v=2tcEgqTWbxQ,1,1,2,1
natural foods,https://www.youtube.com/watch?v=qS7mBbXxJYA,1,1,1,1
natural foods,https://www.youtube.com/watch?v=MdZAMSyn_As,1,1,1,1
natural foods,https://www.youtube.com/watch?v=ZSHBmS_GG7o,1,1,1,1
natural foods,https://www.youtube.com/watch?v=v_ONFix_e4k,1,1,3,1
natural foods,https://www.youtube.com/watch?v=vPTgJkW6CL8,1,1,1,1
natural foods,https://www.youtube.com/watch?v=2fS9ixfQ_no,3,3,1,3
natural foods,https://www.youtube.com/watch?v=aVWJMcOptR8,1,1,1,1
natural foods,https://www.youtube.com/watch?v=OC_6WqXA1ps,2,1,2,2
natural foods,https://www.youtube.com/watch?v=hVShA7g4Joc,1,1,1,1
natural foods,https://www.youtube.com/watch?v=H02YcexnEqc,1,1,1,1
natural foods,https://www.youtube.com/watch?v=Doyqp5Ue6XY,1,1,1,1
natural foods,https://www.youtube.com/watch?v=oM1c1MH0q7E,1,1,2,1
natural foods,https://www.youtube.com/watch?v=_VB39Jo8mAQ,1,1,1,1
natural foods,https://www.youtube.com/watch?v=AxhObEpZcp0,1,1,1,1
natural foods,https://www.youtube.com/watch?v=j3J196bLP5E,1,1,1,1
natural foods,https://www.youtube.com/watch?v=KPzccnst-Xg,1,1,1,1
natural foods,https://www.youtube.com/watch?v=0RWJEOScToE,1,1,1,1
natural foods,https://www.youtube.com/watch?v=1hYYdmjuDac,1,1,2,1
natural foods,https://www.youtube.com/watch?v=UygnXqoKrC4,2,1,1,1
natural foods,https://www.youtube.com/watch?v=YD2EZxI54p8,1,2,2,2
natural foods,https://www.youtube.com/watch?v=49FFwqAVxlg,1,2,1,1
natural foods,https://www.youtube.com/watch?v=Z-2tlEkHdQc,x,x,x,x
natural foods,https://www.youtube.com/watch?v=IRVdiHu1VCc,1,1,1,1
natural foods,https://www.youtube.com/watch?v=1XDpa2HLXV0,1,1,2,1
natural foods,https://www.youtube.com/watch?v=pul9r0jfbug,2,1,2,2
natural foods,https://www.youtube.com/watch?v=e4PTvXtz4GM,1,1,1,1
natural foods,https://www.youtube.com/watch?v=T0Z73Zbtlyg,1,1,2,1
natural foods,https://www.youtube.com/watch?v=tIuj-oMN-Fk,1,2,1,1
natural foods,https://www.youtube.com/watch?v=98n-DTIwW18,1,1,1,1
natural foods,https://www.youtube.com/watch?v=ZZZ7k8cMA-4,1,1,1,1
natural foods,https://www.youtube.com/watch?v=seJSm-vD9OA,x,x,x,x
natural foods,https://www.youtube.com/watch?v=wJB90G-tsgo,1,1,1,1
natural foods,https://www.youtube.com/watch?v=F-nNTGK0wFw,1,1,2,1
natural foods,https://www.youtube.com/watch?v=VAIs8VLFbls,2,1,1,1
natural foods,https://www.youtube.com/watch?v=awtmTJW9ic8,1,1,1,1
natural foods,https://www.youtube.com/watch?v=6l4kr36TzQ4,1,1,1,1
natural foods,https://www.youtube.com/watch?v=lo0X2ZdElQ4,2,1,3,2
natural foods,https://www.youtube.com/watch?v=PKfR6bAXr-c,2,1,2,2
natural foods,https://www.youtube.com/watch?v=s86-Z-CbaHA,1,1,1,1
natural foods,https://www.youtube.com/watch?v=p-MNSLsjjdo,1,1,1,1
natural foods,https://www.youtube.com/watch?v=onMbSLuC7Oc,1,1,1,1
natural foods,https://www.youtube.com/watch?v=9HbvyV7ogAA,x,x,x,x
natural foods,https://www.youtube.com/watch?v=Z0_Of0WGkEs,1,3,2,2
natural foods,https://www.youtube.com/watch?v=oMm0-6UAVpE,2,1,2,2
natural foods,https://www.youtube.com/watch?v=6ETv8ogeXbQ,1,2,1,1
natural foods,https://www.youtube.com/watch?v=bf7BXwVeyWw,1,1,1,1
natural foods,https://www.youtube.com/watch?v=AxM9FYSs8V4,1,1,1,1
natural foods,https://www.youtube.com/watch?v=t9c7aheZxls,1,1,1,1
natural foods,https://www.youtube.com/watch?v=N-yALPEpV4w,1,2,2,2
natural foods,https://www.youtube.com/watch?v=Jn7VcOU3x2g,1,1,1,1
natural foods,https://www.youtube.com/watch?v=N6zqatiur3A,1,1,2,1
natural foods,https://www.youtube.com/watch?v=VzWTyufdkug,1,1,1,1
natural foods,https://www.youtube.com/watch?v=9_kJAui5Y6M,x,x,x,x
natural foods,https://www.youtube.com/watch?v=hesKQ_y1P7k,1,1,1,1
natural foods,https://www.youtube.com/watch?v=t7sRWrvRdrA,1,1,1,1
natural foods,https://www.youtube.com/watch?v=voztwgixwtg,1,1,1,1
natural foods,https://www.youtube.com/watch?v=SENlu34OazM,3,2,2,2
natural foods,https://www.youtube.com/watch?v=OEkRpO5XQd8,1,1,1,1
natural foods,https://www.youtube.com/watch?v=rmVz9dsMWNU,1,1,1,1
natural foods,https://www.youtube.com/watch?v=Xg37L5z5r_M,1,1,1,1
natural foods,https://www.youtube.com/watch?v=g72SmMdFBpk,1,1,1,1
natural foods,https://www.youtube.com/watch?v=Rat1n34l_wI,1,1,1,1
natural foods,https://www.youtube.com/watch?v=e_TjrqWTV5s,1,1,1,1
natural foods,https://www.youtube.com/watch?v=xvDuqW9SFT8,1,1,1,1
natural foods,https://www.youtube.com/watch?v=XnEFeOCf_7s,1,1,1,1
natural foods,https://www.youtube.com/watch?v=QovaMj9bkc0,1,1,1,1
natural foods,https://www.youtube.com/watch?v=5cFhx_myB0Q,1,1,1,1
natural foods,https://www.youtube.com/watch?v=A6Dkt7zyImk,1,1,1,1
natural foods,https://www.youtube.com/watch?v=tx_FIxIE5bc,1,1,2,1
natural foods,https://www.youtube.com/watch?v=idRjqi8JC2U,1,1,1,1
natural foods,https://www.youtube.com/watch?v=AeJ9q45PfD0,1,1,1,1
natural foods,https://www.youtube.com/watch?v=SAsWFgpvYhA,1,1,1,1
natural foods,https://www.youtube.com/watch?v=-w7gzIQAHf0,3,3,2,3
natural foods,https://www.youtube.com/watch?v=MTY1Kje0yLg,1,1,1,1
natural foods,https://www.youtube.com/watch?v=IJhgZBn-LHg,1,1,1,1
martial arts,https://www.youtube.com/watch?v=Unnvj58sP3I,1,1,1,1
martial arts,https://www.youtube.com/watch?v=67Gl3s3K-iY,1,1,1,1
martial arts,https://www.youtube.com/watch?v=AqHqMdRcROQ,1,2,1,1
martial arts,https://www.youtube.com/watch?v=93b3D1rNlZs,1,1,1,1
martial arts,https://www.youtube.com/watch?v=nTWnU-AcoOE,1,1,1,1
martial arts,https://www.youtube.com/watch?v=ad-Kp4Lu6UI,x,x,x,x
martial arts,https://www.youtube.com/watch?v=TBUQtfeICaE,1,1,1,1
martial arts,https://www.youtube.com/watch?v=sFlQC8_uPMg,1,1,1,1
martial arts,https://www.youtube.com/watch?v=lRHYwB_5Op0,1,1,1,1
martial arts,https://www.youtube.com/watch?v=aqn6cy3jB0k,1,1,1,1
martial arts,https://www.youtube.com/watch?v=8uuxCd4LhcA,x,x,x,x
martial arts,https://www.youtube.com/watch?v=CrgMeLy6-mc,x,1,1,1
martial arts,https://www.youtube.com/watch?v=xYemnKEKx0c,1,1,2,1
martial arts,https://www.youtube.com/watch?v=1RA2Zy_IZfQ,1,1,2,1
martial arts,https://www.youtube.com/watch?v=G2A-185WViw,1,1,1,1
martial arts,https://www.youtube.com/watch?v=WdhQ5mM_Giw,1,1,1,1
martial arts,https://www.youtube.com/watch?v=q_z-9Xr8SZM,1,1,1,1
martial arts,https://www.youtube.com/watch?v=kA9PAgPg838,x,x,x,x
martial arts,https://www.youtube.com/watch?v=_vGPjvoDTdg,1,1,1,1
martial arts,https://www.youtube.com/watch?v=S7NKxadiZxo,1,1,1,1
martial arts,https://www.youtube.com/watch?v=9S6z250fE34,1,1,1,1
martial arts,https://www.youtube.com/watch?v=Zbow21FKJS4,1,1,1,1
martial arts,https://www.youtube.com/watch?v=I--m8IuSkS0,1,1,1,1
martial arts,https://www.youtube.com/watch?v=2uaJ1D2tXOA,1,1,1,1
martial arts,https://www.youtube.com/watch?v=O-Zb5SsV7xY,x,x,x,x
martial arts,https://www.youtube.com/watch?v=5D-nAZv2Ars,x,x,x,x
martial arts,https://www.youtube.com/watch?v=AYGaDXaPvFM,1,1,1,1
martial arts,https://www.youtube.com/watch?v=xxjT7nK0Q9k,1,1,1,1
martial arts,https://www.youtube.com/watch?v=I_tMkWoUN18,2,2,1,2
martial arts,https://www.youtube.com/watch?v=rStsx8SGsPc,1,1,1,1
martial arts,https://www.youtube.com/watch?v=rjZEDmLtDr4,1,1,1,1
martial arts,https://www.youtube.com/watch?v=l4a7MBfz-sw,1,1,1,1
martial arts,https://www.youtube.com/watch?v=2fjMpn7JCJ0,1,1,1,1
martial arts,https://www.youtube.com/watch?v=Hqq8PAvHrJM,x,x,x,x
martial arts,https://www.youtube.com/watch?v=R6cPpwg4bdA,1,1,1,1
martial arts,https://www.youtube.com/watch?v=Hbgi6UTVCG8,1,1,1,1
martial arts,https://www.youtube.com/watch?v=rmVz9dsMWNU,1,1,1,1
martial arts,https://www.youtube.com/watch?v=wepHNkNEpL0,1,1,1,1
martial arts,https://www.youtube.com/watch?v=EChjIHaBjf8,1,1,1,1
martial arts,https://www.youtube.com/watch?v=QZRLrGmoMdQ,1,1,1,1
martial arts,https://www.youtube.com/watch?v=lhULvm3TNl8,1,2,1,1
martial arts,https://www.youtube.com/watch?v=BNOn63T56dg,1,1,1,1
martial arts,https://www.youtube.com/watch?v=TCqf3rgPiQM,1,1,1,1
martial arts,https://www.youtube.com/watch?v=eZwmluSn_T0,1,1,1,1
martial arts,https://www.youtube.com/watch?v=dclkp6DXmCM,1,1,1,1
martial arts,https://www.youtube.com/watch?v=ndVswaxJ6u8,1,1,1,1
martial arts,https://www.youtube.com/watch?v=wE2iHKed_4A,1,1,1,1
martial arts,https://www.youtube.com/watch?v=OVx1ot7NpqE,1,1,1,1
martial arts,https://www.youtube.com/watch?v=16J-lCSSMVA,1,1,1,1
martial arts,https://www.youtube.com/watch?v=QanoAqRZvIo,1,1,1,1
martial arts,https://www.youtube.com/watch?v=8p33bQCojtc,1,1,1,1
martial arts,https://www.youtube.com/watch?v=C4Uc-cztsJo,1,1,1,1
martial arts,https://www.youtube.com/watch?v=Kj5nCaqd58Y,1,1,1,1
martial arts,https://www.youtube.com/watch?v=HcW5SSfvuy4,1,1,1,1
martial arts,https://www.youtube.com/watch?v=ErRsMTmdQb4,1,1,1,1
martial arts,https://www.youtube.com/watch?v=aI6bPspVOmU,x,x,x,x
martial arts,https://www.youtube.com/watch?v=QJnfGBP0qRA,1,1,1,1
martial arts,https://www.youtube.com/watch?v=0H5LCLljJho,3,1,3,3
martial arts,https://www.youtube.com/watch?v=CQ6CvAv_lys,1,1,1,1
martial arts,https://www.youtube.com/watch?v=u7zdx8T1ATI,1,1,1,1
martial arts,https://www.youtube.com/watch?v=40kggXa-ZQQ,1,1,1,1
martial arts,https://www.youtube.com/watch?v=GKbFw_x6ku4,1,1,1,1
martial arts,https://www.youtube.com/watch?v=bKjtNoSAilY,1,1,1,1
martial arts,https://www.youtube.com/watch?v=IqDhx2OE05w,1,2,1,1
martial arts,https://www.youtube.com/watch?v=HvK7aaKlJFE,1,1,1,1
martial arts,https://www.youtube.com/watch?v=CEkhCOCi7OY,1,1,1,1
martial arts,https://www.youtube.com/watch?v=_ruRiTeX1jE,2,1,1,1
martial arts,https://www.youtube.com/watch?v=Xg37L5z5r_M,2,1,1,1
martial arts,https://www.youtube.com/watch?v=FEK0iGeofvQ,1,1,1,1
martial arts,https://www.youtube.com/watch?v=sDYBjNsHMYo,1,1,1,1
martial arts,https://www.youtube.com/watch?v=Bd8_vO5zrjo,1,1,1,1
martial arts,https://www.youtube.com/watch?v=W5tlGJwvmCQ,1,1,1,1
martial arts,https://www.youtube.com/watch?v=AXdG577px94,1,1,1,1
martial arts,https://www.youtube.com/watch?v=E2C6v6_tSvM,1,1,1,1
martial arts,https://www.youtube.com/watch?v=j27F6EwuHMk,1,1,1,1
martial arts,https://www.youtube.com/watch?v=_hgshQF2JfY,1,1,1,1
martial arts,https://www.youtube.com/watch?v=Ex1dbF73N8E,x,x,x,x
martial arts,https://www.youtube.com/watch?v=MqxxrmF-rvU,1,1,1,1
martial arts,https://www.youtube.com/watch?v=4LdP2RxiFzU,x,x,x,x
martial arts,https://www.youtube.com/watch?v=YLuZjpxmsZQ,1,1,1,1
martial arts,https://www.youtube.com/watch?v=MppMQYCwiIY,1,3,1,1
martial arts,https://www.youtube.com/watch?v=GvVVq2Wa1y4,1,1,1,1
martial arts,https://www.youtube.com/watch?v=YlaWGd1cUms,1,1,1,1
martial arts,https://www.youtube.com/watch?v=pni_kDv9BsU,1,1,1,1
martial arts,https://www.youtube.com/watch?v=2JmLX9y62uE,1,1,1,1
martial arts,https://www.youtube.com/watch?v=RnWCGwB7idc,1,1,1,1
martial arts,https://www.youtube.com/watch?v=B_3AWc_GcHI,1,1,1,1
martial arts,https://www.youtube.com/watch?v=P_6vDLq64gE,1,1,1,1
martial arts,https://www.youtube.com/watch?v=TWhAwtSSlro,1,1,1,1
martial arts,https://www.youtube.com/watch?v=dA42vievwZk,x,x,x,x
martial arts,https://www.youtube.com/watch?v=kaTccjimkLw,1,1,1,1
martial arts,https://www.youtube.com/watch?v=SugvYcEoBsg,1,2,1,1
martial arts,https://www.youtube.com/watch?v=71UToH2UrSs,1,1,1,1
martial arts,https://www.youtube.com/watch?v=3tCfHG2v_o4,1,1,1,1
martial arts,https://www.youtube.com/watch?v=DRU1lX9GXfk,x,x,x,x
martial arts,https://www.youtube.com/watch?v=RX5Iw-XsWu4,1,1,1,1
martial arts,https://www.youtube.com/watch?v=UExb8Vc694Y,x,x,x,x
martial arts,https://www.youtube.com/watch?v=s9G7j5XnV6k,1,1,1,1
martial arts,https://www.youtube.com/watch?v=qH5QzuzD01A,2,3,1,3
martial arts,https://www.youtube.com/watch?v=zsUVLkxpCv4,1,2,1,1
gurus,https://www.youtube.com/watch?v=xYemnKEKx0c,1,1,2,1
gurus,https://www.youtube.com/watch?v=_iudkPi4_sY,3,2,3,3
gurus,https://www.youtube.com/watch?v=16J-lCSSMVA,1,1,1,1
gurus,https://www.youtube.com/watch?v=_ruRiTeX1jE,2,1,2,2
gurus,https://www.youtube.com/watch?v=wvdM_u4NZQw,1,3,2,2
gurus,https://www.youtube.com/watch?v=nS9W-wlJHPA,2,2,3,2
gurus,https://www.youtube.com/watch?v=8wLCmDtCDAM,3,2,3,3
gurus,https://www.youtube.com/watch?v=P_6vDLq64gE,1,1,1,1
gurus,https://www.youtube.com/watch?v=pni_kDv9BsU,1,1,1,1
gurus,https://www.youtube.com/watch?v=aMcjxSThD54,3,2,3,3
gurus,https://www.youtube.com/watch?v=GHYVwnVbaxw,1,1,3,1
gurus,https://www.youtube.com/watch?v=dvBbxbjFRw4,3,3,3,3
gurus,https://www.youtube.com/watch?v=OC_6WqXA1ps,3,1,2,2
gurus,https://www.youtube.com/watch?v=-5RCmu-HuTg,3,1,3,3
gurus,https://www.youtube.com/watch?v=UygnXqoKrC4,2,1,2,2
gurus,https://www.youtube.com/watch?v=kasiov0ytEc,3,3,3,3
gurus,https://www.youtube.com/watch?v=C4Uc-cztsJo,1,1,1,1
gurus,https://www.youtube.com/watch?v=1RA2Zy_IZfQ,1,1,2,1
gurus,https://www.youtube.com/watch?v=YHwSmwEwmV4,1,2,2,2
gurus,https://www.youtube.com/watch?v=syP-OtdCIho,1,1,2,1
gurus,https://www.youtube.com/watch?v=0H5LCLljJho,3,2,3,3
gurus,https://www.youtube.com/watch?v=f5rUPatnXSE,x,x,x,x
gurus,https://www.youtube.com/watch?v=IRVdiHu1VCc,1,1,2,1
gurus,https://www.youtube.com/watch?v=SpI_1WN4aHQ,1,1,2,1
gurus,https://www.youtube.com/watch?v=SGcdPakoytg,3,3,2,3
gurus,https://www.youtube.com/watch?v=EPjrFjAxwlw,3,1,3,3
gurus,https://www.youtube.com/watch?v=zQCTeGKHsVc,3,2,3,3
gurus,https://www.youtube.com/watch?v=kxgeevlRElw,3,1,3,3
gurus,https://www.youtube.com/watch?v=TmNSlF7lcaw,3,3,3,3
gurus,https://www.youtube.com/watch?v=fA5sGtj7QKQ,3,2,3,3
gurus,https://www.youtube.com/watch?v=tN9bu6CP318,2,1,3,2
gurus,https://www.youtube.com/watch?v=AJ0-VeWMr-A,1,3,2,2
gurus,https://www.youtube.com/watch?v=O7EaCVnw5n4,1,1,3,1
gurus,https://www.youtube.com/watch?v=SiijS_9hPkM,2,2,3,2
gurus,https://www.youtube.com/watch?v=RX5Iw-XsWu4,1,1,3,1
gurus,https://www.youtube.com/watch?v=US7dOKDdKVo,1,1,1,1
gurus,https://www.youtube.com/watch?v=d2P1L_7uHrY,2,3,3,3
gurus,https://www.youtube.com/watch?v=vuIlsN32WaE,1,1,1,1
gurus,https://www.youtube.com/watch?v=YLuZjpxmsZQ,1,1,2,1
gurus,https://www.youtube.com/watch?v=m58YoCGpPpE,2,1,3,2
gurus,https://www.youtube.com/watch?v=YD2EZxI54p8,1,2,2,2
gurus,https://www.youtube.com/watch?v=_QdPW8JrYzQ,1,1,2,1
gurus,https://www.youtube.com/watch?v=j0GL_4cAkhI,3,1,3,3
gurus,https://www.youtube.com/watch?v=qStaxEpnj1M,1,1,3,1
gurus,https://www.youtube.com/watch?v=3MZr5J5DOfk,2,2,2,2
gurus,https://www.youtube.com/watch?v=ycPr5-27vSI,1,1,2,1
gurus,https://www.youtube.com/watch?v=Hn5znfgz7Co,1,2,1,1
gurus,https://www.youtube.com/watch?v=vsMydMDi3rI,1,1,1,1
gurus,https://www.youtube.com/watch?v=wJB90G-tsgo,1,1,2,1
gurus,https://www.youtube.com/watch?v=PhHtBqsGAoA,1,1,1,1
gurus,https://www.youtube.com/watch?v=OHLSv-tdR7w,3,1,3,3
gurus,https://www.youtube.com/watch?v=1OnBVqeW5JA,1,3,3,3
gurus,https://www.youtube.com/watch?v=qTk-69f64KU,1,1,3,1
gurus,https://www.youtube.com/watch?v=apxU8Ow99-8,1,1,3,1
gurus,https://www.youtube.com/watch?v=IaBg1XzDnSU,1,1,1,1
gurus,https://www.youtube.com/watch?v=frVdO2E5x4Y,3,1,3,3
gurus,https://www.youtube.com/watch?v=lye1lzneSnQ,3,2,3,3
gurus,https://www.youtube.com/watch?v=7y1xJAVZxXg,1,1,1,1
gurus,https://www.youtube.com/watch?v=A_7RmheFRz0,1,1,1,1
gurus,https://www.youtube.com/watch?v=H6n3iNh4XLI,1,1,1,1
gurus,https://www.youtube.com/watch?v=llctqNJr2IU,1,1,1,1
gurus,https://www.youtube.com/watch?v=VMejSmFjMo8,3,3,3,3
gurus,https://www.youtube.com/watch?v=mS5WYp5xmvI,3,1,2,2
gurus,https://www.youtube.com/watch?v=3wj48ACMWeI,3,3,3,3
gurus,https://www.youtube.com/watch?v=OwAGdZKLMCc,1,1,3,1
gurus,https://www.youtube.com/watch?v=k6hTa5ti35E,1,1,1,1
gurus,https://www.youtube.com/watch?v=pBbvehbomrY,1,1,3,1
gurus,https://www.youtube.com/watch?v=5nxD4PY39xw,1,1,1,1
gurus,https://www.youtube.com/watch?v=Iy4vq8RdPGU,1,3,3,3
gurus,https://www.youtube.com/watch?v=Ii0PKGLAdyE,1,3,2,2
gurus,https://www.youtube.com/watch?v=UQTfyjhvfH8,3,3,3,3
gurus,https://www.youtube.com/watch?v=zTNNKUBDNsU,1,1,1,1
gurus,https://www.youtube.com/watch?v=MnUfXYGtT5Q,1,2,3,2
gurus,https://www.youtube.com/watch?v=0qCmjSKAlvk,1,1,1,1
gurus,https://www.youtube.com/watch?v=rLt197TrAZ0,3,3,3,3
gurus,https://www.youtube.com/watch?v=_uR1OASCg4U,2,1,2,2
gurus,https://www.youtube.com/watch?v=as-kuWcHIT0,1,1,1,1
gurus,https://www.youtube.com/watch?v=bWYrAU5mmXE,1,1,3,1
gurus,https://www.youtube.com/watch?v=o25I2fzFGoY,1,3,2,2
gurus,https://www.youtube.com/watch?v=JpmyjdxGZzs,1,1,1,1
gurus,https://www.youtube.com/watch?v=JY5t6iUzajk,1,1,2,1
gurus,https://www.youtube.com/watch?v=DqbvsDt_D3o,1,2,1,1
gurus,https://www.youtube.com/watch?v=0tYm41hb48o,1,1,2,1
gurus,https://www.youtube.com/watch?v=TftGVf5345g,1,1,1,1
gurus,https://www.youtube.com/watch?v=hesKQ_y1P7k,1,1,1,1
gurus,https://www.youtube.com/watch?v=FCL9n8mMqJw,1,2,3,2
gurus,https://www.youtube.com/watch?v=dOmJx8mTnm8,3,2,3,3
gurus,https://www.youtube.com/watch?v=awGN5NApDy4,1,1,2,1
gurus,https://www.youtube.com/watch?v=hxTtjGamJtI,2,2,3,2
gurus,https://www.youtube.com/watch?v=V32WHDuy-Do,3,2,3,3
gurus,https://www.youtube.com/watch?v=SgOTaXhbqPQ,1,1,1,1
gurus,https://www.youtube.com/watch?v=gwUJHNPMUyU,1,1,3,1
gurus,https://www.youtube.com/watch?v=j2I9LpDF708,1,1,1,1
gurus,https://www.youtube.com/watch?v=tOHUwwP6LLs,1,1,3,1
gurus,https://www.youtube.com/watch?v=kdA2-CAJWjo,1,1,2,1
gurus,https://www.youtube.com/watch?v=wTAfy_nzJiw,3,3,3,3
gurus,https://www.youtube.com/watch?v=xvDuqW9SFT8,1,1,1,1
gurus,https://www.youtube.com/watch?v=v-PQbFfQKVs,3,2,3,3
gurus,https://www.youtube.com/watch?v=8SupVQ__PMg,1,1,3,1
gurus,https://www.youtube.com/watch?v=wX78iKhInsc,1,1,2,1